{"TSLA": 5.040000000000002, "AAPL": 12.719999999999999, "CRSR": 0, "BYND": 0, "SPCE": 7.24}