{"TSLA": 2632.480000000001, "AAPL": 1198.6100000000001, "CRSR": 0, "BYND": 0.0, "SPCE": 3.89}