{"TSLA": 6296.750000000002, "AAPL": 10128.74, "CRSR": 3.29, "BYND": 0, "SPCE": 15.840000000000002}